id,firstName,lastName,email,gender,ipAddress
1,Huseyin,Aydin,huseyinaydin99@gmail.com,Herif,111.11.11.111
2,Meier,Norres,mnorres1@businesswire.com,Non-binary,237.139.240.151
3,Clayton,Rosingdall,crosingdall2@who.int,Male,78.17.60.255
4,Harley,Di Lucia,hdilucia3@unblog.fr,Male,22.217.30.111
5,Alvina,O'Sherin,aosherin4@list-manage.com,Non-binary,32.241.244.236
6,Patrizius,Sheldrake,psheldrake5@360.cn,Male,34.1.84.166
7,Krystyna,Gorbell,kgorbell6@walmart.com,Female,206.22.96.204
8,Fay,Blacksell,fblacksell7@archive.org,Female,15.55.49.164
9,Mandel,Eyam,meyam8@ameblo.jp,Male,91.49.72.229
10,Theodor,O'Gorman,togorman9@google.es,Male,218.131.243.8
11,Maddy,Battams,mbattamsa@apple.com,Female,152.91.50.126
12,Rona,Seago,rseagob@ameblo.jp,Female,81.1.95.253
13,Gillan,Flahy,gflahyc@mashable.com,Female,143.63.104.60
14,Oneida,Harly,oharlyd@joomla.org,Female,39.40.96.218
15,Vanda,Lainge,vlaingee@howstuffworks.com,Female,11.101.227.11
16,Parnell,Schimmang,pschimmangf@istockphoto.com,Male,126.130.43.183
17,Nels,Grassi,ngrassig@woothemes.com,Male,126.26.13.43
18,Briano,Chadderton,bchaddertonh@dot.gov,Bigender,190.16.124.152
19,Delores,Crockett,dcrocketti@phoca.cz,Female,254.216.14.229
20,Layla,Sainter,lsainterj@psu.edu,Female,176.141.217.127
21,Loretta,Stutard,lstutardk@purevolume.com,Female,100.78.100.250
22,Aridatha,McGeorge,amcgeorgel@ibm.com,Bigender,71.37.184.166
23,Iolanthe,Voden,ivodenm@pinterest.com,Female,244.129.102.21
24,Sinclare,McIlmurray,smcilmurrayn@ask.com,Male,114.127.2.165
25,Tasha,Mattussevich,tmattussevicho@howstuffworks.com,Female,248.60.35.126
26,Sergeant,Chessman,schessmanp@yandex.ru,Male,238.163.120.4
27,Barbie,Leverentz,bleverentzq@theguardian.com,Female,24.154.248.112
28,Galina,Girardy,ggirardyr@independent.co.uk,Female,40.226.56.76
29,Ebony,McEwen,emcewens@hubpages.com,Female,43.116.94.186
30,Scarface,Burness,sburnesst@ucoz.ru,Male,251.65.20.171
31,Murdoch,Bamsey,mbamseyu@goo.gl,Male,184.231.200.162
32,Chandler,Abercrombie,cabercrombiev@blogtalkradio.com,Male,243.8.16.1
33,Saxe,Gwilym,sgwilymw@reference.com,Male,186.171.74.190
34,Homere,Heild,hheildx@tamu.edu,Male,29.234.148.164
35,Javier,Copyn,jcopyny@google.fr,Male,228.28.20.15
36,Tracy,Pena,tpenaz@unicef.org,Female,169.255.136.29
37,Oliviero,Witherow,owitherow10@livejournal.com,Male,15.131.52.157
38,Rafe,Gudger,rgudger11@phpbb.com,Male,81.179.204.55
39,Finley,Taplow,ftaplow12@cloudflare.com,Male,23.62.97.222
40,Rani,Drewe,rdrewe13@nytimes.com,Female,66.45.120.147
41,Coleman,Versey,cversey14@sakura.ne.jp,Male,213.25.186.219
42,Brade,Bogace,bbogace15@apple.com,Male,68.6.133.229
43,Gaven,Blower,gblower16@bizjournals.com,Bigender,239.219.217.236
44,Wilhelm,Vezey,wvezey17@alexa.com,Male,199.217.93.245
45,Lethia,McCritichie,lmccritichie18@miibeian.gov.cn,Female,40.230.201.172
46,Willette,Parkhouse,wparkhouse19@angelfire.com,Female,50.156.162.123
47,Ernaline,Palliser,epalliser1a@sun.com,Female,104.57.170.195
48,Wake,Tarquinio,wtarquinio1b@opera.com,Male,147.106.172.6
49,Martguerita,Moncey,mmoncey1c@chronoengine.com,Agender,203.225.232.187
50,Rubi,Passler,rpassler1d@google.com.br,Female,218.241.29.107
51,Kattie,Cubbinelli,kcubbinelli1e@live.com,Female,255.88.251.11
52,Gunar,Westbrook,gwestbrook1f@jugem.jp,Male,87.230.154.59
53,Murray,McDermid,mmcdermid1g@symantec.com,Male,2.128.18.190
54,Carmencita,Skipton,cskipton1h@paypal.com,Female,11.220.74.210
55,Clair,Peck,cpeck1i@pinterest.com,Female,56.186.129.181
56,Ange,Georgius,ageorgius1j@soup.io,Male,4.8.120.112
57,Jacinthe,Landis,jlandis1k@redcross.org,Bigender,63.46.238.33
58,Thain,Vlasenkov,tvlasenkov1l@japanpost.jp,Male,247.55.163.129
59,Dixie,Stegell,dstegell1m@geocities.jp,Female,226.216.91.124
60,Tan,Maffucci,tmaffucci1n@netvibes.com,Male,161.118.162.85
61,Gerald,Chadderton,gchadderton1o@jalbum.net,Male,191.61.252.193
62,Emmalynn,Borzoni,eborzoni1p@photobucket.com,Female,182.116.203.138
63,Fenelia,Frill,ffrill1q@wikimedia.org,Female,108.141.185.182
64,Mathe,Renison,mrenison1r@apple.com,Male,232.166.248.96
65,Raynard,Danton,rdanton1s@latimes.com,Male,243.154.247.117
66,Sapphire,Scrivens,sscrivens1t@redcross.org,Female,83.87.156.98
67,Leeanne,Pulteneye,lpulteneye1u@cafepress.com,Female,60.76.4.4
68,Mackenzie,Nehl,mnehl1v@mapquest.com,Male,205.48.95.249
69,Lillis,Brogden,lbrogden1w@furl.net,Agender,251.127.141.227
70,Noemi,Andrioletti,nandrioletti1x@nymag.com,Female,185.245.233.70
71,Melva,Curtiss,mcurtiss1y@photobucket.com,Female,75.250.60.98
72,Hewie,Villa,hvilla1z@linkedin.com,Male,90.195.236.95
73,Evita,Sampson,esampson20@uiuc.edu,Female,30.164.60.247
74,Allyn,Behrens,abehrens21@naver.com,Male,86.128.165.162
75,Brigitta,Krzyzanowski,bkrzyzanowski22@imgur.com,Female,15.108.45.59
76,Janessa,Buddington,jbuddington23@vimeo.com,Female,18.246.252.10
77,Ally,Stickens,astickens24@guardian.co.uk,Female,210.131.184.8
78,Dallon,Valasek,dvalasek25@bloomberg.com,Polygender,130.105.79.122
79,Ezechiel,Ollcott,eollcott26@deliciousdays.com,Male,226.49.173.198
80,Andrey,Vian,avian27@cafepress.com,Male,93.195.75.198
81,Bradney,Hawyes,bhawyes28@gmpg.org,Male,141.120.180.79
82,Elfie,Janton,ejanton29@free.fr,Female,133.6.214.88
83,Dex,Oris,doris2a@mlb.com,Male,232.8.143.119
84,Nicolas,Hayes,nhayes2b@youtube.com,Male,142.254.12.129
85,Olvan,Mitchelmore,omitchelmore2c@google.co.jp,Male,124.115.2.13
86,Cecilia,Bessant,cbessant2d@lulu.com,Female,9.141.59.255
87,Gifford,Brindle,gbrindle2e@plala.or.jp,Male,82.131.228.8
88,Herold,Wloch,hwloch2f@army.mil,Male,143.115.76.171
89,Jena,Bussel,jbussel2g@elpais.com,Female,199.34.137.118
90,Reggi,Pumfrey,rpumfrey2h@senate.gov,Female,229.40.224.203
91,Ignace,Wing,iwing2i@cnn.com,Male,160.147.17.82
92,Eddie,Abrahim,eabrahim2j@guardian.co.uk,Female,47.252.192.127
93,Tedda,Lello,tlello2k@fda.gov,Female,17.109.53.103
94,Cindie,Springle,cspringle2l@over-blog.com,Female,91.81.143.50
95,Gena,Snape,gsnape2m@nymag.com,Female,40.24.249.173
96,Leonora,Imbrey,limbrey2n@cbsnews.com,Female,70.99.64.185
97,Dorian,Hasslocher,dhasslocher2o@sciencedirect.com,Female,152.174.18.231
98,Wain,Stonham,wstonham2p@unblog.fr,Male,169.5.189.234
99,Donny,Pettendrich,dpettendrich2q@wired.com,Genderqueer,182.29.182.138
100,Gare,Popeley,gpopeley2r@loc.gov,Male,157.37.238.61